{
	"format_version": "1.8.0",
	"animations": {
		"animation.sword.acombo1": {
			"animation_length": 2.45,
			"bones": {
				"swordat": {
					"rotation": {
						"0.0": [0, 0, 0],
						"0.05": [0, 0, -45.94824],
						"0.1": [0, 0, -194.05176],
						"0.15": [0, 0, -240]
					},
					"position": {
						"0.0": [0, 15, 0],
						"1.0": [0, 15, 0]
					}
				}
			}
		},
		"animation.sword.acombo1_reset": {
			"animation_length": 1.25,
			"bones": {
				"swordat": {
					"rotation": {
						"0.0": [0, 0, -240],
						"0.25": [12.56, -7.53, -58.78],
						"0.55": [20.08974, -12.04031, -66.0558],
						"0.8": [22.58974, -12.04031, -66.0558],
						"1.0": [0, 0, 0]
					},
					"position": {
						"0.0": [0, 15, 0],
						"0.25": [-62.91, 53.05, -31.78],
						"0.4": [-62.91, 53.05, -31.78],
						"0.55": [-30, 30, -18],
						"0.8": [-5.97672, 22.53378, -17.53627],
						"1.0": [0, 15, 0]
					}
				},
				"bone41": {
					"rotation": {
						"0.0": [0, 0, 0],
						"0.4": [15, 0, -50],
						"0.8": [22.58974, -12.04031, -66.0558],
						"1.0": [0, 0, 0]
					},
					"position": {
						"0.0": [-5.97672, 22.53378, -17.53627],
						"0.25": [-6.31, 20.76, -10.27],
						"0.4": [-6.42, 14.17, -7.18],
						"0.55": [-6.58, 19.29, -3.29],
						"0.8": [-5.17672, 22.79378, -17.04627],
						"1.0": [0, 15, 0]
					}
				}
			}
		},
		"animation.sword.acombo2_pre": {
			"animation_length": 2.45,
			"bones": {
				"swordat": {
					"rotation": [0, 0, -240],
					"position": {
						"0.0": [0, 15, 0],
						"1.0": [0, 15, 0]
					}
				}
			}
		},
		"animation.sword.acombo2": {
			"animation_length": 2.5,
			"bones": {
				"swordat": {
					"rotation": {
						"0.0": [-205.14565, 7.19664, -421.72175],
						"0.15": [-161.86399, -22.09649, -214.69603]
					},
					"position": {
						"0.0": [-21.47954, -8.20365, 27.87563],
						"0.15": [29.93817, 7.96674, -9.89604]
					}
				}
			}
		},
		"animation.sword.acombo2_reset": {
			"animation_length": 1.25,
			"bones": {
				"swordat": {
					"rotation": {
						"0.0": [-161.86399, -22.09649, -214.69603],
						"0.25": [12.56, -7.53, -58.78],
						"0.55": [20.08974, -12.04031, -66.0558],
						"0.8": [22.58974, -12.04031, -66.0558],
						"1.0": [0, 0, 0]
					},
					"position": {
						"0.0": [29.93817, 7.96674, -9.89604],
						"0.25": [-62.91, 53.05, -31.78],
						"0.4": [-62.91, 53.05, -31.78],
						"0.55": [-30, 30, -18],
						"0.8": [-5.97672, 22.53378, -17.53627],
						"1.0": [0, 15, 0]
					}
				},
				"bone41": {
					"rotation": {
						"0.0": [0, 0, 0],
						"0.4": [15, 0, -50],
						"0.8": [22.58974, -12.04031, -66.0558],
						"1.0": [0, 0, 0]
					},
					"position": {
						"0.0": [-5.97672, 22.53378, -17.53627],
						"0.25": [-6.31, 20.76, -10.27],
						"0.4": [-6.42, 14.17, -7.18],
						"0.55": [-6.58, 19.29, -3.29],
						"0.8": [-5.17672, 22.79378, -17.04627],
						"1.0": [0, 15, 0]
					}
				}
			}
		},
		"animation.sword.acombo3_pre": {
			"animation_length": 2.5,
			"bones": {
				"swordat": {
					"rotation": [-161.86399, -22.09649, -214.69603],
					"position": [29.93817, 7.96674, -9.89604]
				}
			}
		},
		"animation.sword.acombo3": {
			"animation_length": 2.45,
			"bones": {
				"swordat": {
					"rotation": {
						"0.0": [0, 0, 0],
						"0.05": [0, 0, -45.94824],
						"0.1": [0, 0, -194.05176],
						"0.15": [0, 0, -240]
					},
					"position": {
						"0.0": [0, 15, 0],
						"1.0": [0, 15, 0]
					}
				}
			}
		},
		"animation.sword.acombo3_reset": {
			"animation_length": 1.25,
			"bones": {
				"swordat": {
					"rotation": {
						"0.0": [0, 0, -240],
						"0.25": [12.56, -7.53, -58.78],
						"0.55": [20.08974, -12.04031, -66.0558],
						"0.8": [22.58974, -12.04031, -66.0558],
						"1.0": [0, 0, 0]
					},
					"position": {
						"0.0": [0, 15, 0],
						"0.25": [-62.91, 53.05, -31.78],
						"0.4": [-62.91, 53.05, -31.78],
						"0.55": [-30, 30, -18],
						"0.8": [-5.97672, 22.53378, -17.53627],
						"1.0": [0, 15, 0]
					}
				},
				"bone41": {
					"rotation": {
						"0.0": [0, 0, 0],
						"0.4": [15, 0, -50],
						"0.8": [22.58974, -12.04031, -66.0558],
						"1.0": [0, 0, 0]
					},
					"position": {
						"0.0": [-5.97672, 22.53378, -17.53627],
						"0.25": [-6.31, 20.76, -10.27],
						"0.4": [-6.42, 14.17, -7.18],
						"0.55": [-6.58, 19.29, -3.29],
						"0.8": [-5.17672, 22.79378, -17.04627],
						"1.0": [0, 15, 0]
					}
				}
			}
		},
		"animation.sword.acombo3b": {
			"animation_length": 2.7,
			"bones": {
				"swordat": {
					"rotation": {
						"0.0": [-14.16498, 35.3421, -355.039],
						"0.05": [-37.38331, -5.51673, -428.63781],
						"0.1": [-10.20997, -36.52119, -494.62869],
						"0.15": [35.84821, -12.64499, -584.61052],
						"0.2": [-34.16498, 35.3421, -355.039],
						"0.25": [-43.17696, -22.25091, -417.45681],
						"0.3": [3.68363, -47.44189, -490.47487],
						"0.35": [45.46322, -15.77828, -560.50088]
					},
					"position": {
						"0.0": [-0.43403, -12.33639, 16.39611],
						"0.15": [-0.43, 10.66, 16.4],
						"0.2": [-0.43403, -12.33639, 16.39611]
					}
				}
			}
		},
		"animation.sword.acombo3b_reset": {
			"animation_length": 1.25,
			"bones": {
				"swordat": {
					"rotation": {
						"0.0": [45.46322, -15.77828, -560.50088],
						"0.25": [12.56, -7.53, -58.78],
						"0.55": [20.08974, -12.04031, -66.0558],
						"0.8": [22.58974, -12.04031, -66.0558],
						"1.0": [0, 0, 0]
					},
					"position": {
						"0.0": [-0.43403, -12.33639, 16.39611],
						"0.25": [-62.91, 53.05, -31.78],
						"0.4": [-62.91, 53.05, -31.78],
						"0.55": [-30, 30, -18],
						"0.8": [-5.97672, 22.53378, -17.53627],
						"1.0": [0, 15, 0]
					}
				},
				"bone41": {
					"rotation": {
						"0.0": [0, 0, 0],
						"0.4": [15, 0, -50],
						"0.8": [22.58974, -12.04031, -66.0558],
						"1.0": [0, 0, 0]
					},
					"position": {
						"0.0": [-5.97672, 22.53378, -17.53627],
						"0.25": [-6.31, 20.76, -10.27],
						"0.4": [-6.42, 14.17, -7.18],
						"0.55": [-6.58, 19.29, -3.29],
						"0.8": [-5.17672, 22.79378, -17.04627],
						"1.0": [0, 15, 0]
					}
				}
			}
		},
		"animation.sword.acombo4b_pre": {
			"animation_length": 2.6,
			"bones": {
				"swordat": {
					"rotation": [45.46322, -15.77828, -560.50088],
					"position": [-0.43403, -12.33639, 16.39611]
				}
			}
		},
		"animation.sword.acombo4b": {
			"animation_length": 2.55,
			"bones": {
				"swordat": {
					"rotation": {
						"0.0": [-257.64565, 7.19664, -421.72175],
						"0.05": [-158.67165, 76.82779, -311.44249],
						"0.1": [-130.25482, 70.82237, -281.94347],
						"0.15": [-104.42241, -31.54158, -235.63139]
					},
					"position": [-21.47954, -8.20365, 27.87563]
				}
			}
		},
		"animation.sword.acombo4b_reset": {
			"animation_length": 1.25,
			"bones": {
				"swordat": {
					"rotation": {
						"0.0": [-104.42241, -31.54158, -235.63139],
						"0.25": [12.56, -7.53, -58.78],
						"0.55": [20.08974, -12.04031, -66.0558],
						"0.8": [22.58974, -12.04031, -66.0558],
						"1.0": [0, 0, 0]
					},
					"position": {
						"0.0": [-21.47954, -8.20365, 27.87563],
						"0.25": [-62.91, 53.05, -31.78],
						"0.4": [-62.91, 53.05, -31.78],
						"0.55": [-30, 30, -18],
						"0.8": [-5.97672, 22.53378, -17.53627],
						"1.0": [0, 15, 0]
					}
				},
				"bone41": {
					"rotation": {
						"0.0": [0, 0, 0],
						"0.4": [15, 0, -50],
						"0.8": [22.58974, -12.04031, -66.0558],
						"1.0": [0, 0, 0]
					},
					"position": {
						"0.0": [-5.97672, 22.53378, -17.53627],
						"0.25": [-6.31, 20.76, -10.27],
						"0.4": [-6.42, 14.17, -7.18],
						"0.55": [-6.58, 19.29, -3.29],
						"0.8": [-5.17672, 22.79378, -17.04627],
						"1.0": [0, 15, 0]
					}
				}
			}
		}
	}
}