{
	"format_version": "1.8.0",
	"animations": {
		"animation.bladehuman.attack1": {
			"loop": true,
			"bones": {
				"rightArm": {
					"rotation": [-5, 0, 0],
					"position": [-26, 22.25, 3.75]
				},
				"leftArm": {
					"rotation": [-12.5, 0, 0]
				},
				"sword": {
					"rotation": [180.6574, -7.4713, -95.04292],
					"position": [-3, 4.48288, -0.3922],
					"scale": 0.3
				}
			}
		},
		"animation.bladehuman.a1": {
			"animation_length": 1,
			"bones": {
				"root": {
					"rotation": {
						"0.0": [0, 0, 0],
						"0.0833": [0, -45, 0],
						"0.25": [0, 45, 0],
						"1.0": [0, 0, 0]
					}
				},
				"leftArm": {
					"rotation": {
						"0.0": [0, 0, 0],
						"0.0417": [24.9952, 9.8464, -28.4813],
						"0.25": [-147.8913, 36.0435, -54.0685],
						"1.0": [0, 0, 0]
					},
					"position": {
						"0.0": [0, 0, 0],
						"0.0417": [1, -1, 0],
						"0.25": [-9, -1, -5],
						"1.0": [0, 0, 0]
					}
				},
				"rightArm": {
					"rotation": {
						"0.0": [0, 0, 0],
						"0.0417": [0, 0, 0],
						"0.25": [51.5365, -11.8491, 9.2644],
						"1.0": [0, 0, 0]
					},
					"position": {
						"0.0": [0, 0, 0],
						"0.25": [0, 0, 3],
						"1.0": [0, 0, 0]
					}
				},
				"leftLeg": {
					"rotation": {
						"0.0": [0, 0, 0],
						"0.0417": [-15, 0, 0],
						"0.25": [30, 0, 0],
						"1.0": [0, 0, 0]
					},
					"position": {
						"0.0": [0, 0, 0],
						"0.0417": [1, 0, 1],
						"0.25": [0, 0, -3],
						"1.0": [0, 0, 0]
					}
				},
				"rightLeg": {
					"rotation": {
						"0.0": [0, 0, 0],
						"0.0417": [7.5, 0, 0],
						"0.25": [-10, 0, 0],
						"1.0": [0, 0, 0]
					},
					"position": {
						"0.0": [0, 0, 0],
						"0.0417": [0, 0, 0],
						"0.25": [-1, 0, 2],
						"1.0": [0, 0, 0]
					}
				}
			}
		},
		"animation.bladehuman.a2": {
			"animation_length": 1,
			"bones": {
				"root": {
					"rotation": {
						"0.0": [0, 45, 0],
						"0.25": [0, -85, 0]
					}
				},
				"leftArm": {
					"rotation": {
						"0.0": [-147.8913, 36.0435, -54.0685],
						"0.25": [-328.8761, -70.6032, 254.056],
						"1.0": [0, 0, 0]
					},
					"position": {
						"0.0": [-9, -1, -5],
						"0.25": [1, 0, 3],
						"1.0": [0, 0, 0]
					}
				},
				"rightArm": {
					"rotation": {
						"0.0": [51.5365, -11.8491, 9.2644],
						"0.25": [-124.6048, -1.001, 175.1788],
						"1.0": [0, 0, 0]
					},
					"position": {
						"0.0": [0, 0, 3],
						"0.25": [-3, 0, -2],
						"1.0": [0, 0, 0]
					}
				},
				"leftLeg": {
					"rotation": {
						"0.0": [30, 0, 0],
						"1.0": [0, 0, 0]
					},
					"position": {
						"0.0": [0, 0, -3],
						"0.25": [0, 0, 3],
						"1.0": [0, 0, 0]
					}
				},
				"rightLeg": {
					"rotation": {
						"0.0": [-10, 0, 0],
						"0.25": [15, 0, 0],
						"1.0": [0, 0, 0]
					},
					"position": {
						"0.0": [-1, 0, 2],
						"0.25": [-1, 0, -3],
						"1.0": [0, 0, 0]
					}
				}
			}
		},
		"animation.bladehuman.a3": {
			"animation_length": 2.5,
			"bones": {
				"root": {
					"rotation": {
						"0.0": [0, 0, 0],
						"0.25": [0, -85, 0],
						"0.5": [0, -85, 0],
						"1.0": [0, -38, 0],
						"2.0": [0, -38, 0],
						"2.5": [0, 0, 0]
					}
				},
				"leftArm": {
					"rotation": {
						"0.0": [19.734, -11.0311, 28.0756],
						"0.25": [-12.3775, 74.5626, 20.1599],
						"0.5": [-12.3775, 74.5626, 20.1599],
						"1.0": [-89.1361, 28.4334, -98.3747],
						"2.0": [-89.1361, 28.4334, -98.3747],
						"2.5": [0, 0, 0]
					},
					"position": {
						"0.0": [-2, 0, 2],
						"0.25": [-3.89439, -0.81591, 5.90407],
						"0.5": [-3.89439, -0.81591, 5.90407],
						"1.0": [-0.5163, -1.51119, 0.5392],
						"2.0": [-0.5163, -1.51119, 0.5392],
						"2.5": [0, 0, 0]
					}
				},
				"rightArm": {
					"rotation": {
						"0.0": [45.9554, 28.8793, 154.9618],
						"0.25": [-123.259, -52.1628, 56.092],
						"0.5": [-123.259, -52.1628, 56.092],
						"1.0": [-141.6029, -21.335, 10.7382],
						"2.0": [-73.9247, -60.5775, -0.2778],
						"2.5": [0, 0, 0]
					},
					"position": {
						"0.0": [0, 0, 0],
						"0.25": [0.61009, -0.12701, -4.25339],
						"0.5": [0.61009, -0.12701, -4.25339],
						"1.0": [-0.75399, 1.40027, -2.30379],
						"2.0": [-0.75399, 1.40027, -2.30379],
						"2.5": [0, 0, 0]
					}
				},
				"leftLeg": {
					"rotation": {
						"0.0": [22.5, 0, 0],
						"0.0417": [-15, 0, 0],
						"0.25": [-15, 0, 0],
						"0.5": [-15, 0, 0],
						"1.0": [-15, 0, 0],
						"2.0": [-15, 0, 0],
						"2.5": [0, 0, 0]
					},
					"position": {
						"0.0": [0, 0, 1],
						"0.0417": [1, 0, 1],
						"0.25": [-0.17431, 0, -1.00761],
						"0.5": [-0.17431, 0, -1.00761],
						"1.0": [-0.17431, 0.51764, -2.93946],
						"2.0": [-0.17431, 0.51764, -2.93946],
						"2.5": [0, 0, 0]
					}
				},
				"rightLeg": {
					"rotation": {
						"0.0": [0, 0, 0],
						"0.0417": [7.5, 0, 0],
						"0.25": [52.5, 0, 0],
						"0.5": [52.5, 0, 0],
						"1.0": [25, 0, 0],
						"2.0": [25, 0, 0],
						"2.5": [0, 0, 0]
					},
					"position": {
						"0.0": [0, 0, 0],
						"0.0417": [0, 0, 0],
						"0.25": [-1.34862, 0, 5.98478],
						"0.5": [-1.34862, 0, 5.98478],
						"1.0": [-1.34862, 0, 0.98478],
						"2.0": [-1.34862, 0, 0.98478],
						"2.5": [0, 0, 0]
					}
				},
				"body": {
					"rotation": {
						"0.0417": [0, 0, 0],
						"0.25": [15, 0, 0],
						"0.5": [15, 0, 0],
						"1.0": [0, 0, 0],
						"2.0": [0, 0, 0],
						"2.5": [0, 0, 0]
					},
					"position": {
						"0.0417": [0, 0, 0],
						"0.25": [0.08716, 0, -0.99619],
						"0.5": [0.08716, 0, -0.99619],
						"1.0": [0, 0, 0],
						"2.0": [0, 0, 0],
						"2.5": [0, 0, 0]
					}
				}
			}
		},
		"animation.bladehuman.a5": {
			"animation_length": 2.5,
			"bones": {
				"root": {
					"rotation": {
						"0.0": [0, -85, 0],
						"0.0417": [0, -110, 0],
						"0.25": [0, -15, 0],
						"0.5": [0, -15, 0],
						"1.0": [0, -38, 0],
						"2.0": [0, -38, 0],
						"2.5": [0, 0, 0]
					}
				},
				"leftArm": {
					"rotation": {
						"0.0": [-12.3775, 74.5626, 20.1599],
						"0.0417": [-12.3775, 74.5626, 20.1599],
						"0.25": [75.8845, 51.3817, 42.9404],
						"0.5": [75.8845, 51.3817, 42.9404],
						"1.0": [-1.0614, 32.9791, -64.6283],
						"2.0": [-33.5614, 32.9791, -64.6283],
						"2.5": [0, 0, 0]
					},
					"position": {
						"0.0": [-3.89439, -0.81591, 5.90407],
						"0.0417": [-3.89439, -0.81591, 5.90407],
						"0.25": [1.53026, 1.69064, 0.39387],
						"0.5": [1.53026, 1.69064, 0.39387],
						"1.0": [-1.30431, -1.51119, 1.15486],
						"2.0": [-1.30431, -1.51119, 1.15486],
						"2.5": [0, 0, 0]
					}
				},
				"rightArm": {
					"rotation": {
						"0.0": [-123.259, -52.1628, 56.092],
						"0.0417": [-123.259, -52.1628, 56.092],
						"0.25": [-239.8777, 47.906, -127.9965],
						"0.5": [-239.8777, 47.906, -127.9965],
						"1.0": [-118.9215, 46.0172, 29.4336],
						"2.0": [-54.1516, -76.5695, -21.2852],
						"2.5": [0, 0, 0]
					},
					"position": {
						"0.0": [0.61009, -0.12701, -4.25339],
						"0.0417": [0.61009, -0.12701, -4.25339],
						"0.25": [-0.4722, 1.50436, 1.2416],
						"0.5": [-0.4722, 1.50436, 1.2416],
						"1.0": [1.28671, -0.49564, -4.01523],
						"2.0": [4.58974, -0.59973, -5.20975],
						"2.5": [0, 0, 0]
					}
				},
				"leftLeg": {
					"rotation": {
						"0.0": [-15, 0, 0],
						"0.0417": [27.5, 0, 0],
						"0.25": [15, 0, 0],
						"0.5": [15, 0, 0],
						"1.0": [-15, 0, 0],
						"2.0": [-15, 0, 0],
						"2.5": [0, 0, 0]
					},
					"position": {
						"0.0": [-0.17431, 0, -1.00761],
						"0.0417": [-0.17431, 0, -1.00761],
						"0.25": [0.86528, 0.11, 2.4337],
						"0.5": [0.86528, 0.11, 2.4337],
						"1.0": [-0.17431, 0.51764, -2.93946],
						"2.0": [-0.17431, 0.51764, -2.93946],
						"2.5": [0, 0, 0]
					}
				},
				"rightLeg": {
					"rotation": {
						"0.0": [52.5, 0, 0],
						"0.0417": [52.5, 0, 0],
						"0.25": [37.5, 0, 0],
						"0.5": [37.5, 0, 0],
						"1.0": [25, 0, 0],
						"2.0": [25, 0, 0],