{
	"format_version": "1.8.0",
	"animations": {
		"animation.sword.gcombo1": {
			"animation_length": 1,
			"bones": {
				"swordat": {
					"rotation": {
						"0.0": [0, 0, 0],
						"0.05": [0, 0, -45.94824],
						"0.15": [0, 0, -194.05176],
						"0.25": [0, 0, -240],
						"1.0": [0, 0, 0]
					},
					"position": {
						"0.0": [0, 15, 0],
						"0.5": [0, 15, 0],
						"0.55": [0, 15, 0],
						"1.0": [0, 15, 0]
					}
				},
				"bone41": {
					"rotation": {
						"0.0": [0, 0, 0],
						"0.05": [0, 0, -45.94824],
						"0.15": [0, 0, -194.05176],
						"0.25": [0, 0, -240],
						"1.0": [0, 0, 0]
					},
					"position": {
						"0.0": [0, 15, 0],
						"1.0": [0, 15, 0]
					}
				}
			}
		},
		"animation.sword.gcombo1_reset": {
			"animation_length": 1.25,
			"bones": {
				"swordat": {
					"rotation": {
						"0.0": [0, 0, -240],
						"0.8": [22.58974, -12.04031, -66.0558],
						"1.0": [0, 0, 0]
					},
					"position": {
						"0.0": [0, 15, 0],
						"0.8": [-5.97672, 22.53378, -17.53627],
						"1.0": [0, 15, 0]
					}
				},
				"bone41": {
					"rotation": {
						"0.0": [0, 0, -240],
						"0.8": [22.58974, -12.04031, -66.0558],
						"1.0": [0, 0, 0]
					},
					"position": {
						"0.0": [0, 15, 0],
						"0.8": [-5.17672, 22.79378, -17.04627],
						"1.0": [0, 15, 0]
					}
				}
			}
		},
		"animation.sword.gcombo2_pre": {
			"animation_length": 2.375,
			"bones": {
				"swordat": {
					"rotation": [0, 0, -240],
					"position": [0, 15, 0]
				},
				"bone41": {
					"rotation": [0, 0, -240],
					"position": [0, 15, 0]
				}
			}
		},
		"animation.sword.gcombo2": {
			"animation_length": 1.45,
			"bones": {
				"swordat": {
					"rotation": {
						"0.0": [-147.5, 0, -420],
						"0.1": [-159.62792, -26.75268, -380.3505],
						"0.2": [-189.82806, -31.83475, -322.64821],
						"0.25": [-212.96111, -3.8921, -256.8055],
						"0.35": [-159.72, -2.92, -270],
						"0.5": [-106.4806, -1.9461, -300],
						"0.75": [-88.7338, -1.6217, -330],
						"1.0": [0, 0, -360]
					},
					"position": {
						"0.0": [0, -35, 0],
						"0.25": [0, -35, 0],
						"0.35": [-1.4, -32.08, 0],
						"0.75": [-14, -5.83, 0],
						"1.0": [0, 15, 0]
					}
				},
				"bone41": {
					"rotation": {
						"0.0": [-147.5, 0, -420],
						"0.1": [-159.62792, -26.75268, -380.3505],
						"0.2": [-189.82806, -31.83475, -322.64821],
						"0.25": [-212.96111, -3.8921, -256.8055],
						"0.35": [-159.72, -2.92, -270],
						"0.5": [-106.4806, -1.9461, -300],
						"0.75": [-88.7338, -1.6217, -330],
						"1.0": [0, 0, -360]
					},
					"position": {
						"0.0": [0, -35, 0],
						"0.25": [0, -35, 0],
						"0.35": [-1.4, -32.08, 0],
						"0.75": [-14, -5.83, 0],
						"1.0": [0, 15, 0]
					}
				}
			}
		},
		"animation.sword.gcombo2_reset": {
			"animation_length": 1.3,
			"bones": {
				"swordat": {
					"rotation": {
						"0.0": [-212.96111, -3.8921, -256.8055],
						"0.3": [-106.4806, -1.9461, -228.4028],
						"0.7": [-88.7338, -1.6217, -10.3357],
						"1.2": [0, 0, 0]
					},
					"position": {
						"0.0": [0, -35, 0],
						"0.7": [-54, -5.83, 0],
						"1.2": [0, 15, 0]
					}
				},
				"bone41": {
					"rotation": {
						"0.0": [-212.96111, -3.8921, -256.8055],
						"0.3": [-106.4806, -1.9461, -228.4028],
						"0.7": [-88.7338, -1.6217, -10.3357],
						"1.2": [0, 0, 0]
					},
					"position": {
						"0.0": [0, -35, 0],
						"0.7": [-54, -5.83, 0],
						"1.2": [0, 15, 0]
					}
				}
			}
		},
		"animation.sword.gcombo3_pre": {
			"animation_length": 2.2917,
			"bones": {
				"swordat": {
					"rotation": [0, 0, 0],
					"position": [0, 15, 0]
				},
				"bone41": {
					"rotation": [0, 0, 0],
					"position": [0, 15, 0]
				}
			}
		},
		"animation.sword.gcombo3": {
			"animation_length": 2.5,
			"bones": {
				"swordat": {
					"rotation": {
						"0.0": [123.29, 1.19, -447.89],
						"0.05": [133.59966, 37.27422, -418.69807],
						"0.15": [185.95095, 56.5141, -351.54721],
						"0.25": [220.37086, 43.92236, -307.88281],
						"0.5": [220.37086, 43.92236, -307.88281],
						"1.0": [-44.3661, -12.8027, -363.1502],
						"1.15": [-44.75, -10.25, -360.58],
						"1.3": [-45.13, -7.7, -358.01],
						"2.0": [-45, 0, -360],
						"2.5": [0, 0, -360]
					},
					"position": {
						"0.0": [0, -66, 0],
						"0.5": [0, -66, 0],
						"1.0": [-10.43, 62.66, 74.4],
						"1.15": [-3.79202, 44.30992, 56.73589],
						"1.3": [-1.09884, 25.91676, 38.35196],
						"2.0": [0, 0, 16],
						"2.5": [0, 0, 0]
					}
				},
				"bone41": {
					"rotation": {
						"0.5": [0, 0, 0],
						"1.0": [-45, 0, 0],
						"2.0": [-45, 0, 0],
						"2.5": [0, 0, 0]
					},
					"position": {
						"0.5": [0, 0, 0],
						"1.0": [0, 0, 16],
						"2.0": [0, 0, 16],
						"2.5": [0, 0, 0]
					}
				}
			}
		},
		"animation.sword.gcombo3_reset": {
			"animation_length": 1.25,
			"bones": {
				"swordat": {
					"rotation": {
						"0.0": [220.37086, 43.92236, -307.88281],
						"0.25": [12.56, -7.53, -58.78],
						"0.55": [20.08974, -12.04031, -66.0558],
						"0.8": [22.58974, -12.04031, -66.0558],
						"1.0": [0, 0, 0]
					},
					"position": {
						"0.0": [0, -66, 0],
						"0.25": [-62.91, 53.05, -31.78],
						"0.4": [-62.91, 53.05, -31.78],
						"0.55": [-30, 30, -18],
						"0.8": [-5.97672, 22.53378, -17.53627],
						"1.0": [0, 15, 0]
					}
				},
				"bone41": {
					"rotation": {
						"0.0": [0, 0, 0],
						"0.4": [15, 0, -50],
						"0.8": [22.58974, -12.04031, -66.0558],
						"1.0": [0, 0, 0]
					},
					"position": {
						"0.0": [-5.97672, 22.53378, -17.53627],
						"0.25": [-6.31, 20.76, -10.27],
						"0.4": [-6.42, 14.17, -7.18],
						"0.55": [-6.58, 19.29, -3.29],
						"0.8": [-5.17672, 22.79378, -17.04627],
						"1.0": [0, 15, 0]
					}
				}
			}
		},
		"animation.sword.gcombo3c": {
			"animation_length": 2.5,
			"bones": {
				"swordat": {
					"rotation": {
						"0.0": [-15, 0, 0],
						"0.05": [2.04421, -15.30128, -97.73788],
						"0.15": [14.74593, -4.60835, -163.05988],
						"0.25": [10.07785, 11.75056, -228.92356],
						"0.5": [10.07785, 11.75056, -228.92356],
						"1.0": [0.6339, -12.8027, -363.1502],
						"1.35": [0.9367, -6.7742, -366.7151],
						"1.55": [0.47, -3.39, -363.36],
						"1.75": [0, 0, -360],
						"2.0": [0, 0, -360]
					},
					"position": {
						"0.0": [0, 15, 0],
						"0.25": [-24.49977, 34.84204, 5.48221],
						"0.5": [-24.49977, 34.84204, 5.48221],
						"1.0": [6.57, 86.66, 11.4],
						"1.35": [-3.5, 46.22, 8.91],
						"1.55": [-1.75, 23.11, 8.46],
						"1.75": [0, 0, 8],
						"2.0": [0, 0, 0]
					}
				},
				"bone41": {
					"rotation": {
						"0.5": [0, 0, 0],
						"1.0": [0, 0, 0],
						"1.75": [0, 0, 0],
						"2.0": [0, 0, 0]
					},
					"position": {
						"0.5": [0, 0, 0],
						"1.0": [0, 0, 16],
						"1.75": [0, 0, 8],
						"2.0": [0, 0, 0]
					}
				}
			}
		},
		"animation.sword.gcombo3c_reset": {
			"animation_length": 1.45,
			"bones": {
				"swordat": {
					"rotation": {
						"0.0": [10.07785, 11.75056, -228.92356],
						"0.25": [12.56, -7.53, -58.78],
						"0.55": [20.08974, -12.04031, -66.0558],
						"0.8": [22.58974, -12.04031, -66.0558],
						"1.0": [0, 0, 0]
					},
					"position": {
						"0.0": [0, 15, 0],
						"0.25": [-62.91, 53.05, -31.78],
						"0.4": [-62.91, 53.05, -31.78],
						"0.55": [-30, 30, -18],
						"0.8": [-5.97672, 22.53378, -17.53627],
						"1.0": [0, 15, 0]
					}
				},
				"bone41": {
					"rotation": {
						"0.0": [0, 0, 0],
						"0.4": [15, 0, -50],
						"0.8": [22.58974, -12.04031, -66.0558],
						"1.0": [0, 0, 0]
					},
					"position": {
						"0.0": [-5.97672, 22.53378, -17.53627],
						"0.25": [-6.31, 20.76, -10.27],
						"0.4": [-6.42, 14.17, -7.18],
						"0.55": [-6.58, 19.29, -3.29],
						"0.8": [-5.17672, 22.79378, -17.04627],
						"1.0": [0, 15, 0]
					}
				}
			}
		},
		"animation.sword.gcombo4_pre": {
			"animation_length": 2.3333,