{
	"format_version": "1.8.0",
	"animations": {
		"animation.sword.gcombo1": {
			"animation_length": 2.5,
			"bones": {
				"swordat": {
					"rotation": {
						"0.0": [0, 0, 0],
						"0.05": [0, 0, -45.94824],
						"0.1": [0, 0, -194.05176],
						"0.15": [0, 0, -240]
					},
					"position": {
						"0.0": [0, 15, 0],
						"0.5": [0, 15, 0],
						"0.55": [0, 15, 0]
					}
				},
				"bone41": {
					"rotation": {
						"0.0": [0, 0, 0],
						"0.05": [0, 0, -45.94824],
						"0.1": [0, 0, -194.05176],
						"0.15": [0, 0, -240]
					},
					"position": {
						"0.0": [0, 15, 0],
						"0.95": [0, 15, 0]
					}
				}
			}
		},
		"animation.sword.gcombo1_reset": {
			"animation_length": 1.25,
			"bones": {
				"swordat": {
					"rotation": {
						"0.0": [0, 0, -240],
						"0.8": [22.58974, -12.04031, -66.0558],
						"1.0": [0, 0, 0]
					},
					"position": {
						"0.0": [0, 15, 0],
						"0.8": [-5.97672, 22.53378, -17.53627],
						"1.0": [0, 15, 0]
					}
				},
				"bone41": {
					"rotation": {
						"0.0": [0, 0, -240],
						"0.8": [22.58974, -12.04031, -66.0558],
						"1.0": [0, 0, 0]
					},
					"position": {
						"0.0": [0, 15, 0],
						"0.8": [-5.17672, 22.79378, -17.04627],
						"1.0": [0, 15, 0]
					}
				}
			}
		},
		"animation.sword.gcombo2_pre": {
			"animation_length": 2.375,
			"bones": {
				"swordat": {
					"rotation": [0, 0, -240],
					"position": [0, 15, 0]
				},
				"bone41": {
					"rotation": [0, 0, -240],
					"position": [0, 15, 0]
				}
			}
		},
		"animation.sword.gcombo2": {
			"animation_length": 2.5,
			"bones": {
				"swordat": {
					"rotation": {
						"0.0": [-147.5, 0, -420],
						"0.05": [-159.62792, -26.75268, -380.3505],
						"0.1": [-189.82806, -31.83475, -322.64821],
						"0.15": [-212.96111, -3.8921, -256.8055]
					},
					"position": [0, -35, 0]
				},
				"bone41": {
					"rotation": {
						"0.0": [-147.5, 0, -420],
						"0.05": [-159.62792, -26.75268, -380.3505],
						"0.1": [-189.82806, -31.83475, -322.64821],
						"0.15": [-212.96111, -3.8921, -256.8055]
					},
					"position": [0, -35, 0]
				}
			}
		},
		"animation.sword.gcombo2_reset": {
			"animation_length": 1.25,
			"bones": {
				"swordat": {
					"rotation": {
						"0.0": [-212.96111, -3.8921, -256.8055],
						"0.8": [22.58974, -12.04031, -66.0558],
						"1.0": [0, 0, 0]
					},
					"position": {
						"0.0": [0, -35, 0],
						"0.8": [-5.97672, 22.53378, -17.53627],
						"1.0": [0, 15, 0]
					}
				},
				"bone41": {
					"rotation": {
						"0.0": [-212.96111, -3.8921, -256.8055],
						"0.8": [22.58974, -12.04031, -66.0558],
						"1.0": [0, 0, 0]
					},
					"position": {
						"0.0": [0, -35, 0],
						"0.8": [-5.17672, 22.79378, -17.04627],
						"1.0": [0, 15, 0]
					}
				}
			}
		},
		"animation.sword.gcombo3_pre": {
			"animation_length": 2.2917,
			"bones": {
				"swordat": {
					"rotation": [0, 0, 0],
					"position": [0, 15, 0]
				},
				"bone41": {
					"rotation": [0, 0, 0],
					"position": [0, 15, 0]
				}
			}
		},
		"animation.sword.gcombo3": {
			"animation_length": 2.55,
			"bones": {
				"swordat": {
					"rotation": {
						"0.0": [0, 30, 0],
						"0.05": [-28.48124, 9.84655, -72.50476],
						"0.1": [9.58292, -27.74742, -199.94719],
						"0.15": [29.20874, -1.19123, -267.88553],
						"0.2": [123.29, 1.19, -447.89],
						"0.25": [133.59966, 37.27422, -418.69807],
						"0.3": [185.95095, 56.5141, -351.54721],
						"0.35": [220.37086, 43.92236, -307.88281]
					},
					"position": {
						"0.0": [0, 15, 0],
						"0.2": [0, -66, 0]
					}
				}
			}
		},
		"animation.sword.gcombo3_reset": {
			"animation_length": 1.25,
			"bones": {
				"swordat": {
					"rotation": {
						"0.0": [220.37086, 43.92236, -307.88281],
						"0.25": [12.56, -7.53, -58.78],
						"0.55": [20.08974, -12.04031, -66.0558],
						"0.8": [22.58974, -12.04031, -66.0558],
						"1.0": [0, 0, 0]
					},
					"position": {
						"0.0": [0, -66, 0],
						"0.25": [-62.91, 53.05, -31.78],
						"0.4": [-62.91, 53.05, -31.78],
						"0.55": [-30, 30, -18],
						"0.8": [-5.97672, 22.53378, -17.53627],
						"1.0": [0, 15, 0]
					}
				},
				"bone41": {
					"rotation": {
						"0.0": [0, 0, 0],
						"0.4": [15, 0, -50],
						"0.8": [22.58974, -12.04031, -66.0558],
						"1.0": [0, 0, 0]
					},
					"position": {
						"0.0": [-5.97672, 22.53378, -17.53627],
						"0.25": [-6.31, 20.76, -10.27],
						"0.4": [-6.42, 14.17, -7.18],
						"0.55": [-6.58, 19.29, -3.29],
						"0.8": [-5.17672, 22.79378, -17.04627],
						"1.0": [0, 15, 0]
					}
				}
			}
		},
		"animation.sword.gcombo3c": {
			"animation_length": 2.5,
			"bones": {
				"swordat": {
					"rotation": {
						"0.0": [-15, 0, 0],
						"0.05": [2.04421, -15.30128, -97.73788],
						"0.1": [14.74593, -4.60835, -163.05988],
						"0.15": [10.07785, 11.75056, -228.92356]
					},
					"position": {
						"0.0": [0, 15, 0],
						"0.5": [0, 15, 0],
						"0.55": [0, 15, 0]
					}
				}
			}
		},
		"animation.sword.gcombo3c_reset": {
			"animation_length": 1.45,
			"bones": {
				"swordat": {
					"rotation": {
						"0.0": [10.07785, 11.75056, -228.92356],
						"0.25": [12.56, -7.53, -58.78],
						"0.55": [20.08974, -12.04031, -66.0558],
						"0.8": [22.58974, -12.04031, -66.0558],
						"1.0": [0, 0, 0]
					},
					"position": {
						"0.0": [0, 15, 0],
						"0.25": [-62.91, 53.05, -31.78],
						"0.4": [-62.91, 53.05, -31.78],
						"0.55": [-30, 30, -18],
						"0.8": [-5.97672, 22.53378, -17.53627],
						"1.0": [0, 15, 0]
					}
				},
				"bone41": {
					"rotation": {
						"0.0": [0, 0, 0],
						"0.4": [15, 0, -50],
						"0.8": [22.58974, -12.04031, -66.0558],
						"1.0": [0, 0, 0]
					},
					"position": {
						"0.0": [-5.97672, 22.53378, -17.53627],
						"0.25": [-6.31, 20.76, -10.27],
						"0.4": [-6.42, 14.17, -7.18],
						"0.55": [-6.58, 19.29, -3.29],
						"0.8": [-5.17672, 22.79378, -17.04627],
						"1.0": [0, 15, 0]
					}
				}
			}
		},
		"animation.sword.gcombo4_pre": {
			"animation_length": 2.3333,
			"bones": {
				"swordat": {
					"rotation": [220.37086, 43.92236, -307.88281],
					"position": [0, -66, 0]
				}
			}
		},
		"animation.sword.gcombo4": {
			"animation_length": 2.45,
			"bones": {
				"swordat": {
					"rotation": {
						"0.0": [-25.70301, -37.78104, 59.78939],
						"0.25": [-38.65285, -24.22864, 84.4716],
						"0.35": [15, -42.5, 0],
						"0.4": [41.95386, -16.74324, -50.59701],
						"0.45": [25.70301, 37.78104, -120.21061],
						"0.5": [-43.69742, 9.93547, -238.13049]
					},
					"position": {
						"0.0": [15, 15, 15],
						"0.25": [15, 15, 15],
						"0.35": [15, 15, 15]
					}
				}
			}
		},
		"animation.sword.gcombo4_reset": {
			"animation_length": 1.25,
			"bones": {
				"swordat": {
					"rotation": {
						"0.0": [-32.94098, 28.53623, -233.59949],
						"0.25": [12.56, -7.53, -58.78],
						"0.55": [20.08974, -12.04031, -66.0558],
						"0.8": [22.58974, -12.04031, -66.0558],
						"1.0": [0, 0, 0]
					},
					"position": {
						"0.0": [15, 15, 15],
						"0.25": [-62.91, 53.05, -31.78],
						"0.4": [-62.91, 53.05, -31.78],
						"0.55": [-30, 30, -18],
						"0.8": [-5.97672, 22.53378, -17.53627],
						"1.0": [0, 15, 0]
					}
				},
				"bone41": {
					"rotation": {
						"0.0": [0, 0, 0],
						"0.4": [15, 0, -50],
						"0.8": [22.58974, -12.04031, -66.0558],
						"1.0": [0, 0, 0]
					},
					"position": {
						"0.0": [-5.97672, 22.53378, -17.53627],
						"0.25": [-6.31, 20.76, -10.27],
						"0.4": [-6.42, 14.17, -7.18],
						"0.55": [-6.58, 19.29, -3.29],
						"0.8": [-5.17672, 22.79378, -17.04627],
						"1.0": [0, 15, 0]
					}
				}
			}
		},
		"animation.sword.gcombo4b": {
			"animation_length": 2.45,
			"bones": {
				"swordat": {
					"rotation": {
						"0.0": [0, 0, 0],
						"0.05": [0, 0, -240],
						"0.1": [-147.5, 0, -420],
						"0.15": [-212.96111, -3.8921, -256.8055],
						"0.2": [17.5, 0, 0],
						"0.25": [-14.52225, -9.08655, -211.37807],