{
	"format_version": "1.8.0",
	"animations": {
		"animation.airblade.rolling": {
			"loop": true,
			"bones": {
				"head": {
					"rotation": ["1 - query.target_x_rotation", "-query.target_y_rotation", 0]
				}
			}
		},
		"animation.slashdim.rolling": {
			"animation_length": 0.7083,
			"bones": {
				"bone": {
					"scale": {
						"0.0": [1, 1, 1],
						"0.1667": [1.1, 1.1, 1.1],
						"0.2083": [1, 1, 1],
						"0.375": [1.1, 1.1, 1.1],
						"0.4167": [1, 1, 1],
						"0.5833": [1.1, 1.1, 1.1]
					}
				},
				"bone2": {
					"rotation": {
						"0.0": [77.5, 0, 27.5],
						"0.1667": [-107.5, 0, 27.5],
						"0.2083": [-83.84509, 16.41371, 138.38852],
						"0.375": [46.15491, 16.41371, 138.38852],
						"0.4167": [46.15491, 16.41371, 138.38852],
						"0.7083": [293.65491, 16.41371, 138.38852]
					},
					"scale": {
						"0.0": [1, 1, 1],
						"0.2917": [1, 1.2, 1.2],
						"0.4583": [1, 1, 1],
						"0.625": [1, 1.2, 1.2]
					}
				},
				"bone3": {
					"rotation": {
						"0.0": [-82.31385, 9.88744, -51.83416],
						"0.1667": [70.19, 9.89, -51.83],
						"0.2083": [99.7713, -16.143, -122.92668],
						"0.375": [274.7713, -16.143, -122.92668],
						"0.4167": [274.7713, -16.143, -122.92668],
						"0.7083": [27.2713, -16.143, -122.92668]
					},
					"scale": {
						"0.0": [1, 1, 1],
						"0.1667": [1, 1.2, 1.2],
						"0.375": [1, 1, 1],
						"0.5833": [1, 1.2, 1.2]
					}
				}
			}
		}
	}
}