{
	"format_version": "1.8.0",
	"animations": {
		"animation.airblade.rolling": {
			"loop": true,
			"bones": {
				"head": {
					"rotation": ["1 - query.target_x_rotation", "-query.target_y_rotation", 0]
				}
			}
		},
		"animation.slashdim.rolling": {
			"animation_length": 0.7083,
			"bones": {
				"bone": {
					"scale": {
						"0.0": [1, 1, 1],
						"0.5833": [1.21, 1.21, 1.21]
					}
				},
				"bone2": {
					"rotation": {
						"0.0": [77.5, 0, 27.5],
						"0.1667": [-107.5, 0, 27.5],
						"0.2083": [-81.71657, 15.46973, 146.12702],
						"0.375": [-229.21657, 15.46973, 146.12702],
						"0.4167": [-235.16816, -27.24715, 196.65101],
						"0.5833": [-105.16816, -27.24715, 196.65101]
					},
					"scale": {
						"0.0": [1, 1, 1],
						"0.1667": [1, 1.2, 1.2],
						"0.375": [1, 1, 1],
						"0.5833": [1, 1.2, 1.2]
					}
				},
				"bone3": {
					"rotation": {
						"0.0": [-82.31385, 9.88744, -51.83416],
						"0.1667": [70.19, 9.89, -51.83],
						"0.2083": [90.13105, -18.80195, -91.55937],
						"0.375": [247.63105, -18.80195, -91.55937],
						"0.4167": [293.46272, -17.38685, -198.94666],
						"0.5833": [423.46272, -17.38685, -198.94666]
					},
					"scale": {
						"0.0": [1, 1, 1],
						"0.1667": [1, 1.2, 1.2],
						"0.375": [1, 1, 1],
						"0.5833": [1, 1.2, 1.2]
					}
				}
			}
		}
	}
}